Id,y,x1,x2,x3,x4,x5
0,-7.91255148164,1.27626589002,-0.854628078807,1.62390111133,2.14531128957,2.03719046823
1,-5.7280599844,2.88663892978,0.888301709871,0.637898661601,1.14867504505,0.562216847485
2,-29.5240462049,3.17125699751,2.15231025062,-0.818812339303,0.86195065915,1.53983961386
3,-22.1087310099,-0.775282287108,2.31487653588,0.526551952926,-0.0922299007272,0.749972558262
4,-15.2347381924,0.0177056964176,2.03126909248,1.49133377551,0.553353395797,0.193639918094
5,-8.35846870564,1.13126775834,-0.212560238384,1.15999085349,0.244776964365,1.34989599242
6,9.23428949446,1.97754176432,0.861414750164,1.10385630514,1.30059103606,1.96820529561
7,-13.1454949485,1.86962384205,1.56778308874,1.46528234351,-0.165373083178,-1.03599479107
8,-265.407361596,-0.155413294825,4.3451573949,1.12672721125,0.305821103559,1.5576744309
9,-0.435538980684,1.09914659998,1.63792617424,1.70311068103,0.0839068462172,0.213985771957
10,6.16775762399,2.11918179644,0.0166038908804,1.244520021,0.418590261551,1.42956390228
11,-8.8162384785,1.79840198835,0.389929951332,2.18540420713,0.289165994538,0.218871069478
12,-24.4072822095,0.769627021981,1.12019508286,0.211530164594,-1.9601226191,0.204418883979
13,9.17112221222,1.28458224978,1.52253728197,1.08355444391,3.72079558956,1.61100788258
14,10.6340359322,0.164056004594,0.996303959167,1.39309468016,1.68449508417,1.77520168297
15,19.6017167048,1.55600288611,0.459020099984,2.52441724758,2.20838513052,1.05127728438
16,-11.3571213666,0.57336879059,1.80794022783,1.05727976181,-0.0401715743882,1.9341480857
17,-28.8788655326,0.879965458286,3.20701630909,-2.39993077922,2.23352889615,0.41211916109
18,-40.2116865796,0.0230630791217,1.46807029983,3.87112692412,-0.208085683806,2.00360318015
19,-24.0639787068,2.13072644644,1.56003969219,0.381602699336,0.775201280807,3.21590145065
20,-10.4533081393,0.845741637192,1.2876072358,1.57936103142,1.93325023769,2.66961828364
21,19.7884731,2.71723949903,0.746349494094,-0.163048591981,1.53445146011,-0.40903085924
22,0.586414998862,-0.0597699348839,0.553877506134,-0.16244901134,0.378007704266,1.60933125861
23,1.11976414471,1.61521961876,1.50429802958,0.324297405949,2.31351616457,1.90337470458
24,-8.42258415204,-1.09812612827,0.742225844547,2.0236248349,0.68533928548,2.07290606096
25,-116.367846963,1.03260212635,3.52525474151,0.825096528079,0.158041657562,1.07660078855
26,-15.0254620271,0.328767177436,0.682840589943,0.374643010406,-0.0576326502122,2.056138071
27,2.72467185023,1.0044917485,1.2138297794,-0.695715917508,2.34807879965,-0.964011588584
28,-3.23907056559,0.768344528659,1.04438523338,-0.712287151306,2.6121154502,0.338152458273
29,7.41421912794,0.420831478756,1.17438681862,1.79887258089,1.53739664068,0.176130162108
30,10.0209953445,1.14616128045,0.909367963962,1.94135926472,2.17733832868,1.02490142282
31,-18.9677724855,1.30499976261,1.95457383516,0.99354328969,1.21486642152,2.24242536107
32,-7.07109601505,1.14690664346,1.29255850299,0.368949389431,0.590953137461,1.03737728104
33,6.91875026408,1.93386984727,-0.378601876678,0.672019340629,1.39180589884,1.74832175465
34,-11.7801701836,1.16053549153,0.387907201658,1.68849559738,1.18208522226,1.46805817432
35,10.4338881071,0.284288737269,1.22348770387,0.770446062501,0.59007762781,-0.194730271663
36,-25.5603985909,-0.214598764627,-0.663734753127,2.28830954046,0.37473712323,2.95527549106
37,0.642482402301,-0.894791009977,0.751364763699,2.2949701035,-0.277143296569,-0.230688423704
38,-15.0935100722,1.33828792387,1.51028555503,1.05041355904,0.187686719231,0.853203917599
39,-38.9914416838,3.05230408483,2.14537241207,1.07647991831,0.139344534584,0.612301020604
40,-27.408472699,2.60496013693,2.09886186365,-0.603174860115,0.178937250347,1.55888574928
41,16.168745247,2.81887601904,-0.530962583172,1.08748888446,2.33795126942,2.13039270291
42,-11.2165190726,-0.441797664067,0.313194885709,1.46613268301,0.448194588149,1.62251090976
43,-21.1756122314,0.972853828445,2.242399804,-0.653889635992,0.66158984892,2.40561146228
44,-27.801879711,-0.127768340482,1.6467512205,0.288838038617,0.519813853288,2.30799542454
45,-26.1889384983,1.95646896581,2.02490402508,-0.295161197855,1.33732947891,1.26569806224
46,-36.4406566927,1.99643044585,2.25677660626,-1.21612419872,0.671290695182,1.12151784296
47,-3.04694662948,1.5057572842,0.477665002204,0.408226468037,1.00829245864,1.40167972492
48,-4.13304257962,2.87760524054,0.455403217901,1.37619152517,0.288822559789,2.95104047548
49,-9.21651142823,0.241008187704,1.22927152942,2.40683387818,-0.0694127804019,-0.219436492004
50,-21.0913747532,1.63515877838,0.360100537213,2.6000595223,0.269467885024,-0.00961838307277
51,0.056318676773,-0.00258633450048,1.06818369742,-1.09458020293,1.20400452332,1.3881426167
52,12.0106709824,-0.757078283257,0.517560703255,0.49227387858,2.3886664884,1.06055427521
53,5.51843648751,0.951069984956,0.451203221485,2.07547275347,1.83341686081,-0.475836576026
54,1.55237157075,1.74712367562,2.00258257409,1.22585169704,1.97527547868,1.73848242454
55,5.05448299493,-0.539023535556,0.385329063626,1.2081480671,0.812098425011,0.136830407321
56,-4.2120173703,-0.237544059177,-0.292350415966,-0.999233748345,0.926178318036,0.723181948686
57,-30.8396299182,-0.360272322522,1.58557269941,0.0247119910212,-0.644051714996,-0.271247842965
58,18.4324232845,-0.0529966211773,1.27929989707,0.174930026906,1.32110636454,0.886255936155
59,-12.9139955675,2.35794504129,0.884549677859,0.236286392143,-1.75919108455,0.843827638262
60,-3.38699668051,1.84418204964,0.904166598005,0.952997465226,1.27679941086,0.874001601214
61,1.70386777377,1.53984661454,0.168753105624,0.800378431745,0.446932257474,1.89621781733
62,-28.3666059746,2.57226703003,2.63260011242,0.524018508616,0.983417383166,1.54232012404
63,-0.939853098799,0.729251356098,-0.158218988325,1.12743090377,0.700675351127,-0.101326529702
64,-0.704123053695,1.26241437881,0.685310937271,-0.380471708552,0.715813163745,2.0606375594
65,-12.7105236968,2.05415660617,1.63905395336,0.983007397038,1.27999367437,0.803860222946
66,-19.2599838265,1.06563723574,0.133462253098,2.06313130124,0.258804857846,2.40115879172
67,0.877067749723,-1.14391784883,0.45431268027,0.93910091251,1.7106210543,1.7784556281
68,-35.1912365746,0.542341565143,1.71397288101,1.74384489823,0.76261725396,1.70466095329
69,-14.8997449566,-0.522929210529,0.426828210836,1.69417487526,0.859451839386,1.37642426869
70,-17.913609291,0.168356750016,0.991394688341,-0.0751078251096,-0.412271811042,-0.132232038254
71,-25.2364792276,2.12669073336,0.477955295027,1.57307873353,-0.453141302739,0.499342950603
72,-32.5243678534,1.76590369486,1.04034400384,1.16316258853,-1.41323235078,3.69743491119
73,-8.82638926901,1.28217784493,-0.54692848356,0.730518255473,0.0412871307363,1.35714723855
74,7.82651010512,-0.0329210601644,1.29173828394,1.29755840196,0.405988410931,1.59038511107
75,-5.3051332246,0.967116999309,0.349404190468,0.900184737047,0.961182389938,0.836636178888
76,1.42733344622,1.01946900922,0.678302086353,2.14097439677,1.17364805578,2.03819774605
77,-15.0280254885,2.30500165485,1.05989663488,1.89994038609,0.93545368667,0.622530078222
78,-2.38474559708,2.29161788348,1.68393139014,1.10032286101,0.349604326599,1.44506059627
79,2.49915438505,1.59353405067,0.762466174557,1.08541504434,1.26710176845,-0.632489941829
80,-3.7362588826,2.69559170072,1.73483544218,-0.924976171242,2.34669340017,1.77701822713
81,1.46837473678,0.287674197368,-0.054456159418,0.999188102899,0.281456858835,1.33566342737
82,-6.93346161871,2.51815600382,-0.462206677003,0.969348103341,2.62841974715,2.99069114518
83,-7.04303105882,1.37310140682,0.413220207296,1.60845044337,0.126446324083,0.11702378035
84,-31.676457868,2.28891927388,1.19978025096,1.54161808306,-0.0576396021016,0.640471696748
85,-3.23483190232,0.526073586573,0.0608992149367,1.4510529342,1.17048108261,0.0950103875521
86,11.7320812483,1.98978673729,0.575648478478,-0.280916099198,0.43497667549,1.13094057434
87,-3.22302064399,0.996427683411,0.631114024819,1.77670745133,1.40689500822,-0.629418732596
88,-253.716487916,-0.189368448246,4.21471705743,2.78220886089,-0.539338766074,3.25345758087
89,-10.3922151759,0.298329757102,0.513659156733,0.639763783619,1.26747530905,2.66602707295
90,-33.2201120596,2.54884099228,2.50520039346,1.65936996582,1.46896903105,0.879674968505
91,-89.2972579657,0.250798134811,3.24423530886,0.537438764329,-0.593275572025,2.24967112307
92,-11.0313417731,0.282866484813,1.48672024461,1.38526562066,-0.510581330133,1.01283647806
93,0.654009944038,1.54131109081,-0.175227507253,1.70986121695,1.02989825724,1.02197209786
94,-16.9076329197,2.12987583335,1.44052421593,0.133012239012,0.0572124490905,1.88402391071
95,8.64326862932,0.739166797435,0.931499372197,0.466101293715,1.60158365339,0.780399406757
96,40.234827796,0.310253841428,1.3006657998,1.4656966051,3.59323096708,-0.12672801494
97,2.89113020544,2.11613394022,0.358612932752,1.02811190247,1.82195876732,1.26284476672
98,11.5760523314,2.3919902009,1.42538042888,0.781474180271,0.929047069023,-2.25206798253
99,-22.3090045124,0.0842666420517,1.47959523497,1.90359263727,1.58932076737,1.58507035506
100,-74.0773012895,0.614516454938,3.23658666709,-1.42006506884,1.29837244121,-0.364666556732
101,-16.9810940911,1.32501246535,1.8825137033,0.327655830745,-0.31313736684,-0.220149692101
102,-11.5481719721,0.571553820154,-0.811520209054,2.6395081418,0.730871148356,2.52607316782
103,-16.1902632427,0.431812711647,1.73781230298,1.13724253964,1.12482553708,0.446702201039
104,-12.2882114066,2.72835973081,0.794730527034,1.37919163809,1.50706236244,0.83684300838
105,-23.0880166576,0.25829008723,-0.896984523965,1.04010017584,-0.0995372444832,0.762029334054
106,-42.5288607019,1.79961389312,2.08457428237,1.16465005764,0.952412405209,1.74633788788
107,-17.6896428404,1.5784982781,2.42650763948,0.144330640148,1.83596100617,0.507820813554
108,-6.53793917906,2.2064218597,0.399215167141,-0.140484587238,1.81849792196,2.14971956859
109,14.4918519807,1.97787671829,0.44232513423,1.66334092007,2.55078226825,1.58711427689
110,7.51179613096,1.20761755986,1.42139368897,1.72627214669,2.37132473792,2.14551851165
111,-14.6105079,0.483753263134,-0.902664914277,1.90771112357,-0.405660084138,0.678683412361
112,-23.1470572768,-0.406068611526,2.2872123477,-0.121353979614,0.385056862018,1.76371261487
113,2.04976859225,1.70784557558,-0.470364180222,-0.528279947712,1.82527880762,2.43402567773
114,25.4186281041,1.73042766808,1.60278304368,0.0850365745567,2.9657465089,-0.17175014702
115,13.33781111,2.25959977576,0.493909364505,0.339493282766,0.961977538881,0.310985656238
116,2.62078621771,1.03120053799,2.12874006664,1.76034655167,1.3996555063,0.888665730768
117,-33.5693941543,1.40947600742,2.89801322181,-0.749651085962,1.67328693325,0.943492334678
118,-11.3287313631,2.15934321626,-1.61876611623,1.14949404633,1.04775780205,-0.535025003315
119,1.04240109547,1.16043588324,0.712271349637,1.19000066703,1.52772842957,-0.000685977102851
120,23.5491855625,0.616710120913,1.36784824156,3.6695539301,2.13279966338,0.204129200548
121,-31.6918876849,2.66039293204,1.00424059364,0.700414062643,0.981575804538,1.39800139998
122,-3.25501515348,1.61106502889,-0.726604557684,1.29572733161,2.14036696015,0.701997813659
123,6.55681385875,2.13136843833,1.13399898737,0.0699658160384,2.41943916504,0.398243409287
124,-11.6839647892,0.728153171227,1.58763767357,1.45263664693,1.484799841,2.62167037725
125,-11.8435537277,1.10484977093,-0.140332128033,0.800086568493,0.678060850304,0.222353629549
126,1.2891771133,0.470695542891,0.931223553819,2.6518257256,-0.567383873649,0.0259140032232
127,-70.0471983344,2.10416572745,3.22460195198,2.64051289181,2.52120165032,2.4873834734
128,10.5242548692,2.25403750671,0.985254965748,1.1280800185,0.01592346133,0.346816570847
129,-21.8215832892,1.05807145955,0.743110985789,0.694048045156,-0.340344709836,2.3710904363
130,-16.4331472044,0.248691201566,2.67666300873,0.402686968197,2.66089287597,1.68173921585
131,12.5488619126,-1.84376965815,0.403319740774,0.0388619176908,2.22960410837,1.22657572599
132,16.2040292591,0.999408393391,1.12119823863,0.314157500085,1.2768563973,-0.240440324416
133,-50.8244895149,0.225686027675,2.28378095688,0.468955206034,-0.866642956021,1.65691121417
134,-1.57388648437,1.22747035564,-0.600775193612,0.715065958079,1.00967087816,-1.10587636275
135,2.53487831293,1.33052214825,-1.0701719741,1.12767620027,1.21614929238,1.99493565794
136,-15.544072104,1.47841348201,2.3146978547,1.40262900215,1.49858870642,1.45727074781
137,-54.7618858522,1.5157179732,2.24989037994,1.58327603062,1.1065272797,1.00768609502
138,-8.72237184397,-0.454544715822,1.32950293599,2.43333392298,-1.02298779021,2.10360722646
139,39.4991573421,0.87422629943,0.594853058251,1.575873377,4.70747692458,2.70128644662
140,4.11724912276,0.967148923541,0.996274135436,-2.11356666925,1.00237697266,2.48247952352
141,25.461824943,-0.884142043222,1.72091637304,1.80044213016,2.14288084864,-1.1323417181
142,-34.064236845,2.764785357,1.08276636713,1.15059059535,0.48744171999,0.782674382827
143,-10.2041936706,2.28454193568,0.716479989877,-0.888803558204,0.485599261171,-1.01148290413
144,4.91780459448,1.25463821303,1.63454618364,-0.615638285063,0.0727922381027,1.11904118329
145,-15.0809895929,1.46865363723,1.44893145489,-0.676077232231,-0.832315588846,0.900970119587
146,-5.99684941022,1.51948305015,-0.672868055021,0.14515222231,-0.103219536573,0.943178038182
147,-2.94519649978,0.56754630319,1.44911545662,1.55402661381,2.25426230052,1.33752610626
148,-25.8082429482,1.00609251269,1.73865021412,0.735134681815,1.02853871262,1.67990661778
149,-48.0393168764,-0.281190040696,2.44528899055,2.30634118038,-0.385498880137,1.59251920047
150,-10.7033844924,0.614660976173,0.469695037142,0.593755374465,-0.740970957198,1.81554850215
151,3.15096593925,2.31492193281,0.891374614997,0.135723202836,-0.0745677354252,0.941057073828
152,-4.40552548119,1.34586444682,-0.223559722801,1.15151264487,-0.42126737422,0.627191837483
153,-2.62524423023,-0.310990466941,-1.42213697572,0.0636646707049,2.36829279941,1.48921482251
154,-29.8041958631,2.33360086278,1.5425531138,1.65156596505,0.0296864497745,2.30906688231
155,-7.98974072426,0.0386014745456,2.26012112082,2.99042162878,1.909841595,0.0596937964726
156,-17.3958848804,1.98566695117,0.355523880365,2.5433416991,1.65343149834,0.939000663158
157,8.17807079751,0.863654915025,0.640302255289,1.02311874825,0.720434327333,-0.463644619317
158,-30.9380246508,-1.54987637044,2.46581722276,2.04790957384,1.29975889603,1.40643345229
159,7.02128515659,-1.98387611088,-0.165069166504,1.46041101377,0.0724951190841,0.572256166569
160,-11.764289148,2.54209647751,1.42238836333,0.753351345616,1.17633095996,0.435235790857
161,-10.3958102983,0.489186606951,0.422051130378,-0.020046264082,0.482581190844,1.97231562263
162,-6.13750319955,0.795829082681,1.88735838385,2.84897427049,1.79730685135,-1.5008848072
163,-25.2875800627,0.359782738037,1.52682629709,2.24079646674,-0.225934550435,3.6026432788
164,-21.1762866637,0.0791028889544,2.09406017257,0.951558122134,1.16069814544,0.564872191566
165,-13.0896518813,0.141982789251,0.242992711307,1.55438655974,0.191839117812,1.16780506974
166,15.0754867097,0.238609706107,2.20800237674,0.552108000451,3.15851374526,1.41335869898
167,-5.86102840771,-1.13244436713,0.910229723946,1.10115845447,1.45907352527,0.88464401347
168,-4.73954025573,2.31883353848,1.19072620382,1.82438117777,0.734103088463,0.561515955646
169,2.14472497781,0.667022162101,0.512502125095,0.685653011163,1.19113014794,0.178055891169
170,-24.3290009862,1.84624483081,2.62182782763,2.46026414378,0.875108089133,-0.847003854407
171,-16.822394646,1.60351085448,1.5523060695,1.83151854547,0.421540365218,0.777046335668
172,-23.8423196112,1.59243100245,-0.337828909784,-0.0801501986693,0.347013730589,0.637045228083
173,-18.3124101636,0.955376115385,1.66588945583,0.470907258508,0.271262405751,0.941247760105
174,-2.42445793062,0.84134671439,0.492037582165,1.46184855557,-0.141743449096,1.3266540491
175,-6.92467088433,1.66426319786,1.05593231662,1.63149803231,1.49495672741,3.17503885567
176,-7.0112853988,1.64709881402,-0.607729625016,0.577318500693,0.244791805863,1.79481121125
177,-17.1937351271,0.390750686024,-0.61323260935,1.45267877493,-0.355902155159,0.27476456599
178,-24.574113318,0.782436958835,1.68403071671,0.900475952512,0.410918767897,1.91053966533
179,-13.2204747536,0.838306939198,1.0050928988,-0.180659153388,-0.638315797188,0.67690845941
180,-63.6776435172,2.63343256732,2.5056131309,0.451122653979,-0.592497507902,1.41486131092
181,3.12309202061,0.913922723385,-0.230348205332,0.88679954569,0.984500486936,1.97743952527
182,-6.66610093533,1.44768604552,2.3334933835,0.699848575894,1.93130842639,-0.148014214001
183,2.59587351916,0.342265608847,1.90281127106,2.38394392165,0.659048323709,-0.229354962846
184,-3.72818909321,2.32069503545,0.51524621935,0.721099806629,1.14020046972,3.00487334039
185,-19.0385866761,1.13090728082,2.03003705544,1.31898344459,0.235702209017,1.93269223976
186,8.69291221548,1.53255155339,1.32631297183,0.90494615104,3.1881276028,1.52910968883
187,-9.55143400856,1.83219599075,1.15943375861,1.08913599221,0.127397177035,1.70299939494
188,-31.5052673,1.9446937414,0.839332067719,1.8578301463,-1.39166095701,2.15641221734
189,6.41089725392,0.7290627713,0.343458839823,0.323151238798,-0.122284003102,0.682308924637
190,0.00181708401932,1.34760627817,0.247638265299,1.17377976903,0.998343691355,-0.203685377834
191,-43.28844349,0.831818610065,1.54900537478,1.58603838494,-0.654173000406,1.46866742435
192,3.89704148413,0.365699620216,0.342863160258,0.154635245446,1.82630869979,-0.145197056476
193,-15.6944743411,-0.124111154611,2.5889926514,0.0906020347572,0.946407333738,1.55174153767
194,8.03524663183,0.725917939963,1.78079265826,0.866319491352,1.80852270698,1.28644672946
195,-10.6832976568,1.44408890509,0.806147143042,0.556026705311,1.22114184981,1.04319489899
196,-7.13651715581,1.4583312869,1.67235252443,0.593716010371,0.437843648091,0.991472080782
197,-1.9212247379,1.52971749802,0.911334700334,1.3929239928,1.91650816189,2.24598118108
198,-58.5983362983,1.73688411404,2.51909566986,2.06342130143,-0.731204505435,0.502395932659
199,-44.5269842108,1.23955669773,2.54174998283,0.630170150664,-0.451044000912,0.786648163064
200,-7.65084129005,1.20519082485,0.62717611239,1.6619146877,0.69196424595,1.15201394332
201,0.0685195227663,0.00409710566291,0.578277544167,2.33262148382,1.2929453447,-0.168323175652
202,-22.7130933266,-0.974502282314,1.82547549176,0.206267194595,1.17206241702,0.112774740112
203,-23.1632859283,1.79442855353,1.3039192333,0.00863686278751,0.712857814677,0.162937652777
204,-19.2832287647,0.705566236009,0.806034810216,1.0793540891,0.909652327221,3.15165277612
205,-5.13006234086,0.289043821464,0.383697501155,-0.99281973167,0.622050909107,1.65329231006
206,-11.7628853418,0.424389280148,1.70099173901,2.40039189211,1.86946801698,1.74885491021
207,-39.2995565798,1.80027018721,2.75765906321,1.66894580693,2.26243778297,1.68105859285
208,-23.6846487016,1.40492090648,0.0863503732748,-0.0655794051394,0.333553818545,2.57446141499
209,-11.7912034393,0.329434747135,0.594527786199,1.26510550575,0.0769282524883,-0.91108989499
210,-57.4355387161,1.19981050622,2.39861389389,0.612775387477,-0.371581712922,1.18539858842
211,-5.93093948428,-1.16215412574,1.36473920979,0.0887505022733,0.930127761422,2.55815466504
212,22.7568574113,1.00698531682,1.04684175889,1.53045234406,2.56540428503,0.26755244459
213,18.2555631512,1.5792886358,0.845699550282,-0.247581945745,0.519220639122,-0.291876940356
214,-13.1444673362,-0.00893094490405,0.500031377582,2.27012701146,0.383848812132,1.71650325358
215,-7.50475313971,1.92532356303,1.27746945791,0.819056835063,0.389684905534,1.68818422976
216,0.772522907868,1.88325346132,0.814852798256,-0.542571556184,1.25771769672,1.43773814819
217,-13.7687605483,0.778541525604,0.516875552385,1.2340750222,0.661741569701,0.172936860981
218,2.83730668719,1.00959176175,1.1456927918,0.945120350077,1.90667495764,0.203146786572
219,-2.30095601288,-0.0912204381664,0.94586865212,3.55772464692,-0.0162140562691,2.01219481829
220,-12.7230308562,1.70560267867,-0.775414451666,1.83854265684,1.00546875894,2.00704244009
221,-11.0220016876,0.196246623116,2.08455517199,1.27409058504,1.91273242072,3.01887235918
222,-39.5137000109,1.4735241215,1.35064169253,3.03650522739,-0.798703430948,2.09895666483
223,-34.5488883792,-0.261420936612,2.27411442951,-0.574394406749,-1.57548551561,1.44091619108
224,-9.56308022572,-0.357697710692,0.780886280106,0.192496967297,-0.314351144313,0.768870626572
225,1.76972770056,0.724534246465,-0.681538326272,1.3124719235,1.34967815649,1.59656538542
226,4.7499357756,0.976941545717,2.0822786313,2.04211941731,2.26768459025,2.05439924874
227,2.90029913128,1.93368817499,0.795651665241,3.01495834699,1.174206016,0.250190865203
228,13.9030696194,-0.660809260688,0.640288758385,1.93163508163,1.29165661866,-0.478966578438
229,-17.8382202932,0.620307654746,2.17914889246,2.0072706117,0.613003886491,0.6783385966
230,-35.265420786,2.52088212629,1.94979727644,0.0256396985825,-2.6855604472,-0.086415119226
231,-1.56353800447,1.59940074907,0.160717456593,1.3767588502,0.752631583514,0.748552334086
232,-15.9433449167,0.486219153793,0.860455746239,1.0083151238,0.415474632939,-0.302860356994
233,-9.18926022745,-0.597752605642,1.68282569777,-0.407030677896,-0.317808764366,2.13016592214
234,18.3860085209,1.57268137123,-1.29567850555,-0.605953577285,-0.339237557216,0.545407145895
235,-34.40314698,2.35371732813,1.79557004531,1.55872563805,1.49277333876,1.3318752798
236,1.40966141032,2.16117736884,0.233194883079,2.23443742866,2.00873203254,1.1211985408
237,-10.0670906732,-0.763147982939,1.79086655865,2.62238394581,1.51485095212,2.07022741057
238,14.3441170709,4.00181324012,1.77284305429,0.352315902343,1.96217103306,-0.148480496865
239,-3.0465933212,0.701476573559,-0.162616171528,0.724692694029,0.589739880272,1.70217282192
240,18.4708486952,0.709512538052,-0.923346085927,-0.574893078793,3.13809324593,1.9910816542
241,-7.90112012646,1.74422419185,1.80446483886,-1.13121887361,0.861037548893,0.842128505359
242,-1.97057854453,0.338907517949,1.90518545606,1.13118992417,2.48561998313,1.06833645463
243,28.5051865001,0.272385080826,1.0592942563,-0.288781570033,4.77011299964,-0.391759490971
244,-12.5759167089,0.159294347249,0.203133816968,2.97127595629,0.798800194115,1.22383259823
245,-16.8386722451,0.25639279037,1.84679670417,0.0806134676092,0.437714211299,1.8765373025
246,-30.2623478146,1.20389621902,2.68857840759,1.38506915649,1.81130339936,1.72117983077
247,-0.890026553378,1.03350520683,1.37743047615,-0.235043131333,1.80039316542,1.63804621719
248,-22.6709753913,3.02691596867,1.21463243431,0.214318266673,0.382518765858,1.81172712958
249,-21.5267933085,0.686645269012,1.07200666624,-0.504618944061,0.263380586559,0.343617463772
250,14.0253841443,-0.158291750489,0.690486548796,0.868988984063,1.53203306509,-0.275923687196
251,-19.4439845131,0.120612395025,0.902711088107,1.0203402675,0.20932978692,1.04483133537
252,10.9164162222,1.01523488972,1.21457734373,0.873060478388,1.05901693625,1.60209619035
253,-17.4753943414,2.21327597184,1.47124039578,2.17010373061,1.01044158275,2.81018001409
254,2.2985090767,-0.233855243441,0.950449515627,1.79052733729,-0.369164443284,-1.38857205398
255,1.46626388067,1.82466024958,2.13201832483,2.7705010784,3.43761490386,2.17334194423
256,0.406372184838,0.632463558738,0.934809556287,2.00550961831,0.145368265922,0.543424551716
257,-17.5197191233,0.367941104837,1.02260050351,0.0883546218948,0.62068092184,2.23343948829
258,-9.62842374703,2.33319992422,1.60389949247,2.09599914313,2.04992337313,2.78903708412
259,1.79226462509,1.66136696211,-0.300034727395,2.02881865374,0.472107191898,0.992175115113
260,-17.1073062071,0.366141647689,-0.0242822190562,1.77595507095,0.362479201882,2.83782646046
261,16.5667969898,3.06732791241,0.585564972868,1.36238500447,1.36639586801,-0.977509151585
262,-22.0692882657,1.51178356935,2.2461409308,2.0770895431,0.975869204649,0.462762140115
263,-24.3105050931,0.256755562693,0.643239021659,1.05107377382,-0.299569948179,0.678805514346
264,8.46179172723,0.313616966504,-0.782998778558,1.03516411292,2.24932005131,1.26187150628
265,-5.22927401165,1.2280419709,0.812616692989,1.08777265796,0.23058461213,1.90193907641
266,-53.1294783325,1.39104154966,2.87308459123,-1.58927733379,-0.314017906835,-0.229832857937
267,-15.2587710605,0.0392563198766,1.73160839715,1.69907136476,1.06994231914,0.478374342872
268,0.898378955279,0.559078877074,0.543881432079,0.0238780685876,1.61115603901,3.0629001264
269,-56.2587106149,2.03586559695,2.656796659,1.04303651318,-0.219178483043,0.696331188074
270,0.0943819601791,0.694303430035,0.0628763047566,1.60050422264,0.757391982597,0.313753486843
271,-18.9425656378,1.55207015851,-0.029346385058,1.3257849121,1.67361690056,1.92916193727
272,-47.247723035,2.28189829919,2.80002647823,0.891318480517,1.2140309878,0.65210858004
273,2.83285871496,1.19791645917,1.44285568527,2.45171615439,2.46251198064,0.518108084835
274,-27.3084452921,0.176239484064,2.02740359226,-0.280004462012,0.682053278316,3.07097690198
275,-12.475384853,1.5457063044,0.386494474561,1.07971713907,0.812413945842,1.83335426147
276,-14.3605621867,-0.0973404002326,-0.220285130528,1.55252517101,-0.324267232426,0.33222132498
277,4.4819999028,3.18843992903,0.702560033587,0.297691589283,-0.101835095747,0.434204420468
278,-7.61416834425,0.277805903502,0.370971810339,1.82497773801,0.649600013696,-0.326306049551
279,-29.4530073064,0.133779902033,1.30197262231,1.96914014252,0.126501131193,1.64373208949
280,-43.6027426679,1.77422604435,2.29389049465,0.748676940371,0.659130492643,1.41211337858
281,-26.6675483216,-0.371051511053,1.31920907361,1.8427275092,0.263931481792,2.36066067219
282,-39.748967026,-0.361035445765,2.28413189167,0.584090330576,-0.526605530531,0.0943338415549
283,-0.295814773888,0.0892811868108,1.87092662638,0.065979656204,1.37056780369,-0.0116176016013
284,-21.1451670167,1.67076049191,1.21548777168,2.80236216619,1.07344665064,2.40034962439
285,-39.1759585974,2.03124292184,2.60807908346,1.4233763727,0.540848519028,0.42779357195
286,-32.0747200483,0.203545819648,1.93294107271,0.0940196417467,-0.662167871142,0.485005407541
287,-10.0380391184,0.615911104662,0.00352218958386,2.48135161121,-0.477284058394,-0.268421337925
288,-26.3724985351,-1.20046009748,1.84979272467,2.9043435974,-0.298910677797,0.477459798622
289,4.23479091418,2.12073134224,1.59546633325,0.594133922489,0.626601072398,-2.4354270971
290,-25.3518255901,3.52368279267,1.44053597795,1.73612102124,1.3373966333,2.62310787464
291,-2.41120167336,0.018416769797,1.23104930839,0.837740202324,0.435190947866,3.14153778851
292,-5.65040504169,0.476914119278,1.6510562359,2.53537446738,1.72910313489,1.5052928799
293,-0.836540419328,0.295094404925,1.98414975319,1.3084372673,1.56177857753,0.946470125951
294,-13.4060714197,0.473486499599,2.15849764191,1.3591294132,2.39166311507,1.69934755358
295,-12.357923232,0.915456594936,1.98541657364,0.428251896931,2.71585948361,1.29150980039
296,-15.4401683124,1.04825742885,1.44267605936,2.61910234135,0.552461776526,2.95825763613
297,-1.22669061444,0.329091161931,0.142250896062,1.05857043824,-0.0140168460836,1.11959767519
298,12.9192839121,1.52312503427,1.6244356028,-0.0930621203227,2.72152161018,1.62943683255
299,-0.149451441072,1.39233596832,0.906544211036,2.42019131181,0.975358143624,0.64678359201
300,-6.53540465135,0.132199207971,0.0110079922654,1.4732372646,0.417782311318,2.65083125001
301,14.3253138538,1.58370132822,0.303426306467,0.410926606732,1.64912619822,1.72013144861
302,15.5639852806,1.00025039109,1.67549823291,-0.0207301441805,0.908965381935,-0.396969951891
303,5.17939885748,2.03103618133,0.689019443993,2.39575522691,0.386732702726,-0.173397422994
304,-0.663656168249,1.41854311661,0.704099156349,1.93120926659,2.25060200086,0.705960282478
305,-60.9599525909,2.5608559508,2.88807437927,0.653390478482,0.702813150994,0.202035182042
306,-25.0466213885,-0.167728073331,0.414418043087,1.4555004026,1.13862096506,2.51867639494
307,-4.89959740085,1.02222952413,1.89244293065,0.707235354175,1.39241689309,0.394842955116
308,-3.87231989106,0.0560212274564,-1.16922631338,0.419014299889,-0.365160230903,2.89606335793
309,5.89529429475,1.34801352492,0.0926967228666,2.17169762565,3.26948584012,0.953573354253
310,-4.00744294983,0.350539303643,1.82855303529,2.80355542862,1.37310928756,1.06654517407
311,-7.12999247433,0.65635460185,1.56452171386,1.44021430672,0.977336384273,0.424287665231
312,4.13409623468,2.210895002,0.210459718322,1.11227368566,1.86621522326,0.297598420304
313,-5.74424408263,1.84519205653,2.02950930703,1.30287282159,1.36727982745,0.220305842515
314,3.73790800372,1.1715436279,-0.563515631521,0.602210249951,0.985753698455,0.605334063182
315,4.93677760337,2.21434611942,2.05207724689,1.18758351328,2.53415749871,-0.538428353566
316,-30.983185814,0.335543536867,1.45118612622,1.25104683377,-0.374658355013,2.27370197833
317,7.89169033314,0.895925204906,0.65743533987,1.13571564339,2.59003332365,0.804677338031
318,-30.5205942728,-0.105771173499,0.0207362982798,2.09743336784,0.935552656276,1.85620591969
319,5.78245781226,-0.077676794302,0.12900873669,0.927229578942,-0.373933817656,-1.13227320072
320,-26.9701751687,1.92263925751,1.88500637032,0.985497970929,0.666576034303,2.08309590605
321,-40.6988475533,2.45622833864,1.93820060922,2.54545733817,0.575358799961,1.47821133124
322,1.62712786117,0.019520412881,-1.03676909524,0.332004039663,1.30717207247,1.60729155172
323,-22.16284354,1.20929354439,1.16791359713,0.100166867749,-1.52483305275,0.00027640388986
324,-13.4366930627,2.02742111689,2.08789307919,0.00187693795107,2.22547234778,0.66031380345
325,-3.74382910776,2.01804120677,0.697319630745,2.43294510101,1.76374374004,1.6813296235
326,-17.1444774542,2.21968064225,0.862703549244,1.65907382372,1.89163975131,0.65379809248
327,-39.0035054244,1.86049164971,1.45919286738,1.36942186402,0.762952977068,1.55647387903
328,1.26615152956,1.70881210756,0.527519778392,2.11595911445,0.0115694393678,0.140798591074
329,-16.4216496913,1.46692012118,0.169953151144,0.607149613986,0.394101311141,2.51289477942
330,3.56116586814,0.339706123004,0.174409424542,0.181671565416,2.79391775739,1.59659223495
331,-63.6629688294,1.49177538082,2.64777538421,1.2479920458,-0.532687536303,1.20491068414
332,-90.67235227,0.97448587532,3.31917940189,1.39282324201,0.744196252191,0.587334259811
333,-1.27980760554,0.693288805794,-0.872261193276,0.626772777319,0.490327777708,-0.808694596639
334,-0.979486336194,1.04336876556,1.2894922411,0.251794541506,1.40328925412,1.26460864313
335,5.6801926269,0.535496286026,1.64557423902,-1.27660035625,2.93050328923,1.27518207188
336,-29.3817062156,2.36091820052,2.50986036824,-1.3827524333,1.85015910055,1.17038515466
337,-25.938521386,0.623203609834,1.05467430357,0.835798033066,-0.140663960567,2.14969093372
338,-82.0075479735,1.1021985268,2.99964618917,1.18426600506,-0.926573731666,3.39620095208
339,-4.10641949786,0.372397865361,0.0575706983511,0.934919282235,-0.815039112485,3.73466938551
340,10.1430228003,2.20194722315,0.686370437745,3.13099522195,-0.0477087273037,1.19664644425
341,9.63449747148,0.902897519589,1.19778502325,0.339674189162,1.96744341041,0.116809466037
342,-37.8477420806,1.93051500894,2.05183220003,0.620255353495,0.148503557167,2.06581306063
343,13.6527074484,-2.04931158414,0.918270688981,0.277390372391,2.22991681536,0.589171584765
344,-4.45028432402,0.406753750514,-0.43669246228,-0.640754684125,2.07402496719,0.615576367648
345,-11.3544574672,1.42612459581,1.17240102342,2.10497892261,0.602394121534,0.72066484084
346,-15.4011542843,2.14780377845,-0.393063817566,1.96719103109,2.3272908701,1.72210110589
347,-7.67946246001,1.10899686496,1.7580970096,1.57923014704,2.07930608793,1.67195137118
348,-20.6982267129,2.45267504796,0.601826762322,0.479198916238,0.0359988167467,2.36093128212
349,-23.6729830443,1.58283555281,-0.794732196477,1.14679194684,0.322744124271,0.567679661739
350,-27.3746101068,2.24241815328,1.92523456951,1.08026272392,0.0167700393971,1.50697735243
351,-41.7998438347,2.6797843104,0.617291099379,3.41322454814,-0.496244795823,2.55309262036
352,12.8218894756,0.0293955912689,0.51172796404,0.0109910230627,2.35846077293,2.24258227638
353,-12.4820043148,-0.0621221791268,0.947526693853,0.998889547455,1.09306567912,1.75083530546
354,9.8235862705,2.36434926716,0.817196978854,-0.0318261668552,2.42652925113,2.017260906
355,-54.096126918,0.938599270551,2.76070470497,2.05505015401,1.44254535593,2.11507485023
356,-14.8237581991,2.44670171418,0.974316951047,0.171175539783,1.44156855296,1.65457573131
357,-25.6354984632,1.15481628744,0.326000581848,0.0798562569471,1.13353358768,1.91478425213
358,-37.808410466,0.545167377908,2.17212123659,1.90418535547,0.449743827452,1.00881309733
359,0.2804789013,1.41680870542,1.37977264796,1.66363029158,1.5643838958,3.64454772537
360,-7.06325209953,1.71580390924,0.917058439291,-0.129589917775,1.30043413895,0.0741010102406
361,-30.1689336151,1.62102942984,2.47390056689,1.40371506652,1.8735605154,-0.0103314104723
362,-9.19305703133,1.3549016908,-0.605994692808,1.49299991583,0.636329241463,2.80403833718
363,7.65274237462,0.824940612791,0.200725057473,0.724662984866,0.968044269387,0.782642903934
364,-3.64552416753,2.07647165552,0.290522886201,1.10165332149,-0.277141942496,0.487353113116
365,-3.5991996246,0.922636674983,-0.283885429158,1.5054939642,0.757747870983,0.916908663974
366,5.6317101797,0.387477386541,1.32140311294,1.48705282163,0.940723680509,0.246406483949
367,-11.3764816661,-0.0679061363978,1.12260177705,1.04193495842,-0.651206328142,1.50407892258
368,-35.0003720168,2.44706412583,1.78145765909,0.81360906349,-0.0817066689509,0.820873574599
369,-49.4363635015,0.00564636584047,3.1119299588,-0.156106605436,1.04528714629,0.952735958072
370,6.20103300813,1.70523734569,1.57254035776,0.0806264013066,1.57869224997,-0.21121048131
371,-49.7514942987,0.408957746595,2.9117160028,1.79111276464,1.25342174539,0.486275857809
372,-13.5450209186,0.0888454094956,0.761700763974,1.34283830062,-0.121287713405,0.877951952352
373,-1.7346693366,2.43566941228,1.31025072224,1.38694692535,2.00463580611,0.400682418877
374,-56.3508880356,0.215985631786,3.25689335364,-0.99553378034,2.32713263275,1.18525716953
375,-30.4700002326,1.26967760433,2.15862875884,1.34025753981,0.831489761966,1.50804975324
376,-17.3128476611,1.07855403834,2.00751411775,2.43415548214,0.744181882605,-0.237442530294
377,-25.3953010923,0.128023979897,2.39538137935,0.591841676651,0.412563630135,0.430534898152
378,-0.745254536839,1.20191723061,1.91146111675,0.583761116834,1.41760491661,-0.424209651439
379,-8.07315042099,0.423063363972,-0.603709414651,0.427031928586,1.28008857053,1.766193213
380,-11.9928775021,0.268578517017,0.513221543763,0.935087615059,-0.0734933458875,1.20813544313
381,22.8573113437,1.40096925744,0.836963646424,1.36945169732,2.27982630652,-0.516507278735
382,-21.5752779201,-0.377148057485,1.483764514,-0.577713294841,-0.247140445988,2.19831462216
383,-12.7301021321,2.88594364871,0.511038305225,-0.76456973105,0.733204738655,0.0317001844338
384,-11.2469420734,1.70730101011,1.84199087252,2.3460502669,1.04817253053,2.5142165157
385,-8.15563439893,1.85033048786,1.26248625128,0.889897126128,0.663165397638,-0.429673638616
386,-0.716088809322,0.550782986066,2.10287374744,0.398060912003,1.68590228452,1.54462912381
387,-39.856989681,2.15253152293,1.28887661762,1.64388647373,-1.00447849494,1.84190068197
388,-9.75335436783,0.923215550646,1.51381538278,1.35925802276,1.68245939965,1.76279672321
389,-12.0396046204,1.16782391152,1.5760613974,1.98553024735,1.22035961405,2.27903233545
390,-6.59569631768,1.02007771589,0.653997024872,0.562827587799,1.30328877284,1.2417205368
391,8.37996527497,1.25473190905,-1.39521972566,1.10372449757,0.15017063436,2.48551092371
392,-7.36030573243,0.431133342356,2.19960473495,1.54429454174,1.85633713024,2.47416189397
393,7.8502358484,1.44487818585,0.158793440616,1.01854145878,2.50146580342,-0.24817980076
394,-8.00493249614,0.459095711236,1.28492289274,0.0208943122559,0.589960098058,1.46320664187
395,-52.319045001,0.53583865365,2.64402848896,0.36550335331,0.363888560451,1.09330661861
396,-43.513667975,-0.877703901233,2.88850381613,-0.158962645921,0.295599455858,1.04745408925
397,-11.5988272973,-0.360647917656,1.67044963028,1.54788127376,1.44613298878,-0.978653469931
398,-20.3546409095,2.30371285535,0.988883614305,1.2542835452,1.11908173472,2.71793875732
399,-65.6086827504,-0.589164979957,2.64892471884,1.28293648348,-0.490202031969,2.33377014796
400,20.4733005391,0.0390854340176,1.20236896704,0.683238890882,2.13348104236,-0.610083860129
401,-27.2841836928,1.1747446906,2.07546318206,0.430260635851,-0.727226327676,1.04050916888
402,-13.1213094635,0.260522091989,2.3485071962,0.509217912,1.4210925787,0.257748916185
403,-6.02055011371,0.318265559855,-0.828821093083,0.729000405908,1.4605587347,2.01841521647
404,-30.4055792282,0.322742489086,1.81441439175,2.72887268176,0.38969115697,0.823444761916
405,-3.27229747719,1.04827843334,1.60712444876,0.842579637796,1.41028138473,2.03909736468
406,-0.856217597037,0.357481071964,1.24060529875,0.309908874745,1.08697022717,0.459578764751
407,-84.929160302,0.564422624591,3.3107500429,2.60730210521,2.43909042353,2.488235215
408,-11.671970482,2.7778346582,1.09170022625,0.795843777882,0.148181864488,1.07038860392
409,-10.2434567261,0.308115627345,-0.537166283881,2.84803933782,1.29250218406,0.00322478046128
410,-6.79915230282,0.365953410616,0.4922814985,-1.12780571697,0.0823733819408,0.215712101937
411,-7.545602657,0.389602850726,0.483136752331,1.64580332606,1.04762664466,0.949643465993
412,-8.06313913272,0.778838375551,1.11239919278,3.28804021469,2.33313651319,2.00113241975
413,18.1638879727,0.843719804145,0.857387746152,-0.549359189877,1.64744783828,-1.68073232189
414,11.5070072663,2.58964362246,1.07243055355,-0.0405845581195,2.20188888147,1.00437785543
415,1.28992351313,0.228799228093,1.13831194146,0.0148154881781,0.591711370786,1.62004255951
416,-20.9338295103,2.11183835884,-0.576434442838,1.22984496249,1.82929374574,2.42488851874
417,-36.1077691172,2.05293061561,1.27547563284,0.420699602037,-1.5287445639,1.97093508896
418,-5.26922775443,1.49558157575,0.906485636778,2.80802587408,0.953788963582,0.00138002306251
419,-11.3725555319,1.97883384392,-0.0709305158504,1.64568020563,-0.0088504087351,0.875725180075
420,-7.38016773936,0.653601509711,0.499415758099,-0.0264602665377,-0.946595154601,1.39897950499
421,0.545803809556,0.495398057026,1.9494913231,3.02941464892,1.07579796825,-1.38900186504
422,-11.5617981688,0.937702070604,2.42016491337,2.42245773604,1.84783231496,1.04239317194
423,1.69326158196,0.287650822058,1.0701831941,1.2790868674,1.89113528527,2.3051887148
424,15.0279547018,0.690627338592,0.690910112165,-0.225836591208,1.97985763798,1.19419719941
425,-23.615134757,1.13139204952,2.26534104846,2.09240275656,1.82326587249,1.19790729854
426,15.4837526199,-1.66619254657,0.674537148502,0.114903871284,0.461033192756,2.38894252135
427,4.71935115549,0.410074879729,1.62392083725,2.23993110518,2.27621414507,0.361265723643
428,-11.3817109136,0.360382007342,0.144848182848,1.07214146013,0.509180193298,0.589129947216
429,-3.27613551772,0.747001361794,0.104377253974,2.12231162957,-0.0464287665881,1.1551091503
430,-33.2346429163,0.994645801476,1.19588708449,2.02594848478,1.32382658074,2.23964575028
431,8.11315166559,0.540776714798,0.930685503725,1.81787551985,0.0486959316777,-1.26877484917
432,2.30935611572,-1.29893978554,0.893881567071,0.554929189082,1.80892742345,1.66373977769
433,0.278059143015,-1.44940959368,0.768592888417,0.180001121229,1.71033938291,0.797492918315
434,15.4183810768,0.728572547713,1.27519093254,1.23740712646,3.27128653842,1.7201647256
435,-20.4688750505,1.47490030787,1.12853117037,0.109575063633,-0.179033210263,0.108827487639
436,11.8704275333,0.62127448104,0.257581264835,0.156049318757,1.13372526786,-2.52614699672
437,6.86628986355,0.0574044494062,1.0442453409,-0.735277253815,1.74581298968,0.611469685655
438,-26.0011028414,-0.47740215146,1.64485819604,1.1825527569,-0.106776546115,2.32937140587
439,-1.76596486748,1.0082512487,-0.242523196646,2.06612926597,1.3830412746,1.67803687037
440,-44.1979806452,1.18498600653,1.92127246104,1.4472941751,-0.161340677394,1.80051368284
441,-17.2481377295,0.948491712022,-0.465684908035,2.3430452942,1.85993998254,1.4656985307
442,22.9071705762,1.09284334262,-0.495624204932,0.437516355025,2.43037497476,1.19884624194
443,-5.33968717928,2.2787433347,2.3430330831,1.05597344474,1.76166704934,0.00424742824118
444,-1.49024508634,1.68517730965,-0.145358338995,1.38598470804,0.489530904417,-1.37526471658
445,27.1858108068,1.44080198714,0.526273799659,1.32936125518,1.69050154767,0.866813944524
446,12.6097960772,0.904573755117,0.228017075701,1.85833699927,1.71702475483,0.194320412395
447,12.3242636332,0.591806351973,-0.377889026045,0.966965272275,-0.0565152945528,-0.639865817612
448,-3.35193175342,0.498236388818,-0.492994805907,0.959574866075,1.10290853843,3.43665750496
449,-5.21151638998,0.306655071233,0.382155420112,-0.00269724460998,0.963012952916,-0.863858323817
450,-10.5440518084,0.202657405512,1.04133944741,1.52508129269,0.111465429087,0.698753225014
451,0.689504819246,-1.37170212005,0.16831753984,1.36083899272,0.454500747869,2.3894148914
452,-12.8132478862,1.3030795158,0.284727774528,0.553172067461,0.482452923657,0.443509909827
453,-38.6253160238,2.5861237516,1.24553853445,3.79277721795,0.692561290315,2.42522667783
454,2.85457454621,-0.0404568980692,-0.114747510677,1.07007601624,-0.00206781935291,0.695268214662
455,0.663805895314,-0.836392552492,2.29246510514,0.904313382792,3.29508280281,0.447438764481
456,-6.55148034729,1.21432315861,0.434441959612,0.897991976852,0.388285543482,0.0439673653658
457,3.94075919922,1.95350624711,1.20322586478,0.987119819631,2.75057589396,2.65337755599
458,-31.0711487811,1.97282764411,1.90225240635,0.964115578826,0.609464510586,1.67770363035
459,-38.2975422748,0.601324647897,1.67157850588,1.88646571108,0.474054567146,2.86878160873
460,-23.8073004677,1.8164505591,1.35558821126,1.90835816289,-1.51127489891,0.866910193722
461,0.184830832273,0.933629119561,1.50499917463,0.557267578938,0.653515137432,1.98099737554
462,-15.5197715975,-0.0152434236675,2.01924865544,0.865081981212,2.37694658892,1.58345432083
463,-12.1046898565,0.551755201531,0.761947176587,1.01902621749,0.417238115967,1.21109378794
464,16.9023404491,0.958287294394,0.846528358781,1.67511402802,1.17334797913,1.30231925306
465,-8.6059325478,0.989472244539,0.700131216705,0.178061101781,-0.0883288046365,2.38771008436
466,-48.3813740988,2.80493243633,2.30489661283,2.00729286808,0.729279553325,1.67684653055
467,3.6392153582,0.935606155648,1.36431866386,0.501030985018,2.07871300098,0.991810632846
468,-12.4491991399,1.51307767329,1.6766344041,-0.885437682213,0.125449785487,0.314355211335
469,-18.5815581188,2.24874651609,-0.00561268452517,-0.687788203247,-0.930570497902,2.15950602569
470,0.767660882553,1.38853611379,0.587927188226,0.864179062637,1.23440353904,1.29460953599
471,4.37961500352,-1.32481948511,0.871045779357,1.23598397261,1.04337436003,-0.685417098482
472,-9.07823516585,1.58551008696,1.50350685036,0.128127629457,1.46629829072,0.672867294525
473,0.787413470017,-0.423720906063,1.41117087394,-0.678985723158,0.929900060777,1.05280889838
474,-29.8656286608,-0.122127509147,1.26297061216,2.27793500319,0.84131901293,1.11807386253
475,0.191365908187,0.20499906798,0.928546748244,1.35818414251,-0.116552171593,1.52936655718
476,3.80460352442,1.22012591477,1.17764370659,-0.500385862332,1.22207837442,0.0345300743032
477,-18.3440267686,1.02632620732,0.78784599218,1.52741296253,1.46060574552,2.73250658999
478,-49.4066509519,0.34685712113,2.77000811278,1.49420162984,0.75686209931,1.30411514305
479,-35.3679367017,-0.548082351378,2.203724455,0.0692001922797,0.409264836696,-0.428043940993
480,-13.3204251776,1.60706321392,0.0821397334598,0.737109608808,-0.312953393138,2.07115204911
481,-0.0971932696946,1.98180466331,1.53785574472,0.656300993878,0.196983588049,1.00533785846
482,-5.8930787552,0.377390630964,1.24070916798,0.262261906646,-0.223902284933,1.00214299605
483,-3.77392071588,3.29004166659,1.91185598012,-0.0660004613944,1.18326415172,0.42159022505
484,-15.0985754687,0.603769708006,0.329384663854,0.248339576537,-0.0655568950598,-0.129075391566
485,17.1679293371,0.571859994586,1.10798762289,-0.288908330683,2.48351281625,0.511972452738
486,-21.6597483216,0.461282344251,1.436843846,1.63036829689,0.360886904986,0.0958306750647
487,-12.0141039808,2.77937317349,1.06582014394,0.0434444571914,1.7777922047,0.145112361538
488,-17.2954666982,1.72174351003,1.25868613262,1.56679924135,0.318753263661,-0.788186526255
489,-39.2446859325,1.79904342835,1.73192449214,0.698465478488,0.452901562176,2.87659478565
490,-16.3755003519,-0.280614417135,0.727617524841,0.759970127235,0.628168959559,1.95181899192
491,-0.789306495889,-0.935935146786,0.361794001642,1.67360252316,1.41399311927,0.957878868473
492,-17.9039042206,3.05843259251,1.61719876228,0.701673154867,0.166260420323,1.09487879903
493,1.62499796778,1.61910019653,1.01868310503,1.63084809205,1.08558210601,0.634646472627
494,-32.8662416997,-0.375417760161,1.17978138848,0.993162759653,0.0361372583175,1.49725546612
495,9.61385497062,0.383638986492,1.14510739467,1.08336382577,1.87997573726,0.959582197957
496,-25.4615026477,1.33837311761,2.10771596076,1.79877154325,1.25496511769,2.56007755904
497,-11.1824694453,0.80875243586,0.686294429432,0.495019039915,1.30214146651,0.387962400782
498,-5.97371261251,0.766798463052,-0.134513389237,1.65249045143,1.73010011775,0.424209456554
499,-7.91487540356,2.03452643448,0.86713153812,1.25848700579,0.501422811815,1.78187610976
500,-19.7848440937,2.30015467956,1.09952753432,2.82960670678,1.32621561763,2.73691353496
501,-8.90376540855,0.837053230455,0.148556156841,1.76013931082,1.12852962737,1.97083625448
502,-19.1291372822,0.789666605729,1.31279461332,1.03475252292,0.649142283316,0.399980293235
503,-22.2889403372,-0.101632807252,0.711792082639,1.7082070918,0.762825797911,1.11514238309
504,12.6676977321,0.810349033838,0.595454007982,-0.881926386603,1.66680624953,1.40633370946
505,-13.3577986594,0.466268904264,0.455204028203,-0.377169513182,1.71856060584,1.56355913554
506,-3.68657968999,0.422667860247,1.29094872662,2.80085062119,1.8305759411,2.21561483605
507,-14.5068976838,-0.358679887864,0.600763901511,2.10227240244,0.768825056163,0.894789013781
508,8.93220811832,3.45422268579,0.998689760702,1.14618404736,2.20144466939,0.760356865352
509,5.6847879086,1.18498913523,0.685158637566,-0.448294717418,1.69255517178,0.0825039621115
510,-6.50048325814,-0.429995590599,0.900327973571,1.54199875131,2.01297279615,3.09024037198
511,-16.5586171082,1.47871682701,-0.124841204377,2.6281345859,1.76243248991,0.391114818206
512,9.03707504585,-1.48969650682,1.22057163507,-0.118818345434,1.1472889312,0.894034965969
513,-28.8648665687,0.363686859321,0.739346486794,0.850641850627,0.303260346798,0.945124635799
514,2.07981028958,0.578622479793,0.00725184198245,0.426858108814,1.74048237604,1.47289818574
515,-19.6588061901,1.71266450951,2.18901858867,-0.00653401662128,0.146549689431,-0.327524044477
516,3.59854680769,0.730200877139,-0.44612550575,0.0095546125009,0.910749544997,1.20771305926
517,-18.9578628424,2.7232551902,0.562354358329,0.329152247047,0.419542814561,1.96627222314
518,-9.11195333846,1.99810024052,-0.372138464815,0.126437308542,-0.309999912167,1.07166111067
519,13.4111398408,0.856158403696,-0.606213068298,0.389118495017,2.22193500069,0.442135052424
520,-9.14319582821,1.16836701022,0.429194892432,1.75898033957,0.322369916954,1.77232050155
521,-13.0842316245,0.32965523304,1.19122218021,2.42753436944,1.282500503,0.563099554895
522,7.07545013399,0.994062092348,-0.847481396265,1.16424039553,1.85894633302,2.64744183771
523,-28.4712187202,-1.31171945801,1.30385234927,0.457559998053,0.656351774089,1.03672283083
524,-8.69551381004,1.43954558985,0.948012315143,1.19483232213,0.589047841091,2.22429763658
525,0.00993719432423,0.836652938252,0.654982622296,1.86832745417,0.0416405298812,-0.361920277946
526,-17.472817804,1.70220972929,0.443773326397,1.04362011618,0.643790072564,1.65014605108
527,-0.146891944754,0.888460588364,1.43130872683,2.90874042006,1.59481291559,1.06537895964
528,6.50449434017,1.98900064161,0.865965046211,0.798925229959,0.941050391032,-1.0598289591
529,-29.6776988133,-0.422649362938,2.32929973731,0.0546487196282,0.347539913521,0.30290778503
530,-3.46054489387,0.0197040597128,-0.794922468396,0.0633931101654,1.42419916246,0.849939577462
531,-3.21235461869,2.56858510074,-1.35271278044,2.52111211817,1.12695587249,-1.22966426346
532,3.87379333569,0.237013358368,1.50936002298,1.11983887405,1.07595212624,1.57606372105
533,-14.9332394078,0.0803311979187,1.60583996005,0.449936480314,-0.0861541958799,0.631925156666
534,-26.4290983109,2.09317234163,1.87222122644,1.94572724724,1.21339381529,0.213578596813
535,-12.8753933684,-1.75545058535,0.712254134,1.64726857803,-1.10470760558,0.511075365175
536,2.55551264695,1.84279198311,1.11235280451,1.58275981686,2.69601388043,1.98486805067
537,-16.3984783739,1.55234878547,-0.209539012956,3.09213147955,1.34192800376,0.328413752012
538,-22.0348741129,2.10733089098,2.39530226276,0.364798813754,1.40607900427,0.683553598648
539,14.7136656137,-0.280028901699,0.0888696202826,-0.663062478548,0.398253320975,1.36654080513
540,-31.3829249768,-0.419383803057,2.15433161641,1.87688114295,-0.119454395126,-0.694810524355
541,-2.35363287133,0.202217402809,-0.80561221582,-0.628401451956,1.57165460247,3.11756768996
542,-10.7562240591,0.239637840813,0.650985317567,1.89730623763,0.118180933422,1.21475592347
543,-8.41986507964,1.72758299448,0.305521558301,1.45941946875,1.37406249673,2.63123898242
544,-18.5715172558,0.411845053085,0.399811631983,1.5940802966,-0.945985147788,-0.847219286857
545,3.28242873746,0.820038040747,1.85544542673,0.592207911582,2.16961883631,2.79189961798
546,4.1494586499,1.65396242052,-0.216358138819,2.0874616998,1.17781569571,0.871883218243
547,13.4375120661,0.227448892614,1.19073024369,-0.962475775231,2.37216642876,0.469492029436
548,-1.54717944364,1.02783397976,1.74561995051,1.5031072031,1.92008674937,1.44230750436
549,-42.7730911423,0.821650631704,3.0965702271,1.01834451634,2.47250777961,1.49553327121
550,-12.2046924216,0.866235373167,1.56602342485,0.285954666927,1.84550882363,1.51400312032
551,-13.6699584856,1.26964671478,0.0686756608193,2.26293460355,1.0972051363,1.60067090816
552,-25.086323656,1.09267240618,0.750124292614,0.986372867039,-1.13615278392,1.1936003687
553,-28.0420502839,1.08703489965,0.900592051976,2.45879158521,0.15073457302,1.60383614825
554,-5.31822356332,0.786407470025,1.57598121021,1.98776097025,1.25370871192,0.693675591011
555,2.84294677779,0.985382229899,1.29104627698,1.95011124344,2.12329710975,0.412890385294
556,-2.15327782835,1.69416650648,0.498098812717,0.186406241684,1.11574262841,-1.10685754207
557,35.0748103912,0.562332395653,0.913132713013,-0.264310265398,2.62483127544,1.63884623612
558,-10.9380817087,1.11156348232,0.132908630434,1.39211171182,0.440212676646,1.21461700043
559,4.10509480255,0.302296128106,0.0553007896657,1.18239998382,0.980539150646,0.814715957613
560,-19.3782150371,1.14539094575,-0.092435407419,0.407038422848,0.649101132983,1.0235105152
561,-0.602907010796,1.4352886485,0.251260333253,1.90471654158,1.61242635949,0.977285445445
562,-20.577317575,0.838437866936,2.17476028308,1.42045991052,0.756087617813,1.90876366653
563,7.21887776918,1.70008382959,1.1231686514,1.655033137,1.35677489291,0.785486482829
564,-48.6435653079,0.256262393655,2.84300038332,1.70579637792,1.00533014614,1.76541097496
565,9.5356489005,0.945392071113,0.984540465008,-1.04802706497,1.45657302903,2.73953029391
566,-0.215551694702,1.42112659327,-1.17447347662,1.08436345101,1.10652725798,1.14773203085
567,-0.356301222765,1.37491613348,1.009586022,0.366818039486,0.504636872874,1.13729750562
568,-13.2775655809,0.503957431759,-0.224336866064,0.35123329344,0.502638833254,2.70171447281
569,-1.94070642523,-1.09796100257,0.549416230215,-0.0588160528404,0.544442667824,-0.143188864615
570,-18.6432121623,2.68260515301,1.33052560347,0.348335681386,1.31929672563,1.97132902928
571,-4.36878478006,1.13656780885,0.784206393685,0.704765017995,0.952678615671,0.356647643901
572,-3.62175636783,-0.339815107432,0.158839456513,0.796144528583,1.22295144663,0.717234733548
573,-17.334451722,1.717076444,1.85225989916,1.29537978429,0.485164366283,1.1441448454
574,-51.4166349294,0.636369162138,2.7405344261,0.786262038543,0.194117989014,3.80046051556
575,-3.02535032153,1.17060892249,0.854190713161,0.59442061734,1.00741917099,2.41846688109
576,4.6432260802,1.54998894117,1.7432400809,-0.152925881688,1.73529559989,1.35498570892
577,-5.75032973984,-0.816579748234,0.463480842039,0.370834779242,-0.988720970779,-0.275841435282
578,-43.7776947427,0.88896514093,2.19645400517,2.35872438935,-1.66442677833,0.108824242061
579,-43.7591503139,2.270666172,0.877979460147,1.65464306778,-0.576952869939,1.51986611119
580,-4.31055976134,1.11962247322,1.23701890909,1.13889895204,0.826172452285,1.34895999552
581,-27.1559438109,2.79962670549,1.35570041167,0.611538908273,0.494475024449,0.616267893452
582,-1.3134111643,0.18276920606,0.615578299232,1.29922128249,0.739888889141,-0.319647030167
583,-22.0166703799,1.98661111079,0.685844643364,1.58008502508,-0.236135182595,0.986321344952
584,-8.58334690768,0.182857283966,-0.552694357412,1.67785008801,0.0815013222203,2.65921379398
585,-12.9821854979,0.615365712336,1.12381292553,1.2130753139,1.748650978,-0.0314665301097
586,-4.09405475425,1.04448832688,0.0895565200989,0.41350316516,2.21646948504,0.0307144718992
587,-31.954374633,0.828221020718,1.55995975654,0.606553058469,-0.902429348261,0.46021060471
588,17.7973569988,0.868770893279,0.860837223787,-0.190246689605,2.50329324723,1.2999074334
589,12.745117127,0.535639588114,0.879572838413,-0.157243654581,2.08224641759,1.49421198378
590,-21.803725153,1.35749579235,2.19555857837,0.178619538859,1.3012845372,0.735920812608
591,-1.93497754968,2.40488605793,1.6137110034,1.92116936168,2.34713427572,1.64297908562
592,-26.4457981154,1.00911261864,1.74398354362,2.10056447354,0.663051697934,1.31794328355
593,-39.8639692738,1.59633022796,2.16534388028,2.48901983893,0.0606757963864,1.4038315207
594,-12.7497752661,1.28846471154,-0.673587251681,0.59172654162,-0.0108733768701,-1.3638332627
595,-17.721428063,1.73588651378,2.03737260684,1.01708483466,0.525789737006,0.995769921207
596,-7.39846961745,-0.208912235435,-0.573777844824,2.94039906938,-1.00977965182,1.74955740061
597,-1.70135981626,1.87144754102,0.374240721342,-0.256306807489,-2.2932532485,0.762716393053
598,-5.33130042103,1.48089514476,2.02966546976,0.0686544742658,1.03319963798,1.62056844069
599,-2.51338809896,1.89444781045,-0.203516390813,-0.68634102981,-0.54883946811,0.092908697138
600,-14.6198622514,-0.233059215397,1.42694687992,1.23969840885,1.36212827844,1.71143747379
601,-3.66905052553,0.492316587508,2.44261960605,-0.0288698654779,3.46884104442,2.52356405616
602,-26.6454859868,1.54080595952,1.76328403224,1.05148062415,0.0665351313741,-0.488218435936
603,-104.224052763,3.26683168196,3.76200946714,3.5408773687,2.46475970853,-0.220121564221
604,14.6538138899,2.15846921308,-0.50107214178,1.00626332364,1.84857536142,-0.158004931185
605,-8.46870497559,0.00161710989589,-0.435411016919,-0.329510675171,2.4264238137,1.04407390423
606,-14.4979330447,0.664932078729,1.39013038793,1.75231680614,0.479936914827,0.259346431312
607,-12.0951088905,0.265250602153,-0.521161821664,1.14574245904,0.612837374714,0.0441035333518
608,12.1761594479,1.27205354788,0.939464883582,1.67865418606,0.827900691036,0.303047166549
609,-49.091939974,-1.63146484172,2.12140215359,2.15657280892,-0.311231412747,2.76391510306
610,-34.8724239817,1.41468144841,0.768012858142,0.822832764587,-0.674906510209,2.57057433909
611,23.7658366835,0.00896123813877,0.705369920145,0.764383660667,1.55981801796,0.974906685125
612,-23.4735048129,2.80296191627,1.55966287856,-0.100255558518,0.75889135123,3.95799485636
613,6.12749203823,0.261103651784,0.645320336288,-0.438145266759,0.280969254562,0.140729630844
614,-8.17564810745,1.10152264587,1.34020642642,1.8662577769,1.2190449777,1.24241279276
615,4.04335339267,0.59781415126,-0.149354420715,1.79138009552,1.63963230433,2.96548281237
616,0.174290148414,2.43756862595,2.07250892561,0.85139231525,2.09398759204,0.372569209008
617,11.6378735601,0.209279113274,0.170627235834,2.42419246717,1.24185677098,0.430319797799
618,-9.29691902121,2.71459787322,0.476108403701,-0.634876399062,0.270507446976,1.17696381779
619,7.99120009912,1.84567928603,-0.729111418249,1.35456869131,-0.452360144152,1.65876969402
620,-13.7657941591,0.29374277245,-0.15703324076,-0.0384400727483,0.0507034476035,-0.00971097580604
621,-2.45604122378,1.57451161231,0.647709154766,-0.235179097329,0.847059618229,0.0946021148583
622,-11.2075257854,-0.268289837909,-0.57656510328,0.926405932325,0.247683993703,1.63485785866
623,-6.38606495829,0.925186151923,-1.76930837414,0.20883123818,0.936023396855,2.12478800314
624,4.55076571216,0.334460915801,0.797030466496,3.1731690716,-0.0901518669883,0.461370865374
625,-3.45916458316,-0.837882975653,1.65627579111,0.33663752006,1.80146380126,-0.0877164943646
626,-18.7865727296,-0.520769128453,3.12365148279,1.98695469426,2.30374711502,0.0500814676076
627,-8.61476696264,0.498820986072,0.768595650501,0.00849096080459,1.57570592199,0.882226178611
628,-5.24409293172,1.29852902819,1.16228523877,1.34395472645,1.27257981583,0.374851521951
629,4.30764650097,1.89795046764,0.222222319425,2.05489198077,2.90262094971,1.27329637338
630,-25.3302486737,2.59357028451,0.730197089463,0.877659306027,-0.800147416651,2.16048934908
631,3.49960240499,0.399702006558,0.573681764671,-0.0513000703102,1.90529592367,1.62323367118
632,-26.6973619687,0.668074529022,1.54115663997,1.83929166073,0.894265575443,2.41747176007
633,-4.85337747114,0.407878188514,0.115259295062,0.584852113762,-0.185179345063,2.2782235881
634,23.1242113169,1.59428058346,1.44092304034,1.5715613986,3.21607533189,0.441256962313
635,4.16790748515,2.02331465463,0.902652076038,1.74095984714,2.98676350578,2.50410342523
636,3.10792237591,0.616927192327,1.68746378258,-0.120281486109,1.13975302985,0.266301832913
637,-10.8711722803,1.08637150145,1.12916715592,1.51558226616,0.151575405451,2.09017629258
638,-14.3272357446,1.17426976938,0.485432224998,0.601179758017,-0.0818006972655,1.95764249711
639,-25.8769960819,-0.814928023315,2.58193080388,2.73573733074,1.50066559966,1.01730973957
640,-30.5064537778,0.0215911629394,1.53566415667,0.849257406711,-0.267427174958,-0.711392652578
641,7.27254260396,0.650740009571,0.202985178333,0.165929472324,1.17847841498,0.487987788814
642,-9.01420465344,2.44159615007,1.97877157004,1.40444934507,1.76032999279,0.877669333049
643,-15.328807953,1.84425589296,2.36934483035,2.37453109212,1.17134612259,1.27297669748
644,-8.78432033438,0.577420930184,0.287612902941,2.20189906889,0.641540429624,2.10912956277
645,-29.0484198154,0.294257085755,2.03569562088,0.884693270815,-0.188849215681,1.42686041259
646,-76.1244781167,-0.137706372937,3.24747160482,1.14421278249,0.66428836369,0.303336303284
647,-31.4772781863,-0.0304262132511,1.85504945701,0.0172966494894,-0.127683897385,0.574073139242
648,-1.0505139167,1.00734302876,-0.0785552643757,0.300417929705,-0.235059446074,0.678566718022
649,-10.1056142781,1.87028977445,1.54277836226,2.45470098166,1.1149947304,1.84210556437
650,11.4083833766,1.46731603091,0.533540652924,1.92809483282,1.42627334586,-0.388260377273
651,-2.00777179843,1.63122231219,0.0813593863621,1.45196696474,0.456503341775,0.97791011792
652,-17.4538064459,0.866027017882,2.54164727279,-0.881128507265,0.638426086546,3.24615767269
653,-95.3861097696,0.959272316622,3.48664423554,0.139996954603,-0.017914961717,0.224768166735
654,21.535870595,0.702528422484,0.250886340096,2.42423379191,1.12337909461,-1.05001048139
655,3.54517004176,2.29213572948,0.616559255613,1.04775197112,-1.12096460746,0.78278910517
656,8.25062561079,1.50669452023,0.000134020974101,2.47130293311,1.80960734103,-0.308300698813
657,-22.2989630447,0.778302638521,1.69815798901,0.753700186005,1.89856233919,2.28534211518
658,-39.6521350898,2.12849428576,1.34752737001,1.24342280272,-1.94315841834,1.4098930324
659,-10.4421798658,0.826064515734,1.42456038867,1.53564720002,0.221069533203,0.650945657803
660,-19.1418205083,1.96717814131,2.51702997995,-1.09347825159,1.74501363149,2.05414525989
661,14.4824068548,0.392631294711,0.66671612877,2.3088705198,1.55870245822,-1.32328639524
662,1.50434137959,2.84165638285,0.616985245742,0.863084421304,0.773838753504,0.126633535971
663,24.1590129533,2.63760467355,0.187027306035,-0.926571031745,2.51479692969,-0.386226933522
664,-40.0978721922,2.72094222733,0.998407771755,1.09664263135,0.647957169533,3.17978905411
665,1.50272674612,-1.13528096227,-0.652083876846,1.49720058929,1.28157202939,1.19068181237
666,-18.0171269512,-0.974616093995,0.598285071849,1.45280719299,-0.0837248180472,2.91287408356
667,-5.57618782824,0.936714294098,0.187616407436,0.503548670385,0.269423448735,0.728635377966
668,-8.31949298245,-0.279665563555,-0.148381366347,2.30709280344,0.726334577976,0.0480873834379
669,-10.5551263145,2.04777784139,-0.977117223531,0.740589107795,0.738552911916,-0.839325027077
670,-13.8772138551,1.31954447752,0.771258007835,0.624325157807,-1.11194077625,1.99570204984
671,-5.67381975076,-0.423898414119,0.403754251811,2.44217557349,1.63675178371,1.11173188072
672,-12.6255399559,-0.324127940003,1.28632547392,2.8967815449,0.427956426755,0.925249217593
673,-1.86272251375,0.431399520757,-0.825326535195,1.52291654195,1.43429449757,1.2096173269
674,-11.5343062958,1.63203592358,2.08461364754,1.37151725257,2.31816536216,-0.460497091263
675,-101.665365907,1.33765705705,3.33678997602,0.90690603931,0.562783116201,1.46125957575
676,3.63296982374,1.6204490578,0.971589666158,0.0333771911122,1.46992561002,-0.85910058596
677,20.9701555402,1.25731990879,1.56366358585,-0.0741682896657,2.66966020783,1.48771590298
678,-36.7552487782,2.22977775256,1.53229124639,1.59690765926,0.803858430727,3.32946520817
679,8.13929116726,2.32615877066,1.21618160778,1.46423632793,1.09496446393,-1.54120560712
680,6.46932143714,0.334281423786,1.36375191295,0.93143317577,2.55003019077,0.876892379662
681,4.03957558797,-0.412172511385,0.604460759706,2.14196534014,1.51392212393,0.822195870015
682,-0.641674044294,-0.483832151125,1.6100255554,2.34285880707,1.86693006058,0.17058797953
683,-14.7556148477,1.45361222056,1.42272190398,1.95090883324,1.50286532754,1.38810865105
684,23.0657682731,0.250991185043,0.823597572108,1.46606352811,1.88276351096,2.03975801047
685,3.34828566552,0.589468615021,0.252121374951,1.1078295109,0.43692521524,-0.299924414166
686,-3.59647406896,2.03433113637,2.18413733808,-1.01950146972,2.08838250568,0.966664007718
687,5.5758929818,2.40034692998,0.0373099875626,1.56803533369,1.80656001043,1.54142157555
688,-11.9595967338,-0.111760440402,0.310267909955,1.4267197456,-0.815610029969,1.58372119996
689,29.6598453139,0.523761524022,-0.239919109407,0.794383572647,1.0902847655,-0.838138733137
690,-4.78612433226,2.7222107046,0.944568530093,4.28482382232,-0.0810181580038,0.0161061595571
691,-6.65783076435,0.70283507819,0.665422566472,1.93503546089,1.98155402674,0.122380494082
692,2.35444076746,-0.143327499333,1.24957175156,0.457028306199,1.48856072141,2.31736684051
693,-9.02268688773,2.28724337176,-0.67933215535,1.18316445721,0.225289888132,0.948886178306
694,-3.96280165666,0.0739265434846,-0.426511173859,-2.06537021404,2.02989395086,-0.960722483814
695,-8.52484329305,0.261246167907,-0.234186988156,2.73251593235,0.644259370403,2.11988404283
696,-12.6700311192,0.69461840275,1.4310750938,0.806966835458,0.956444318634,1.14050687593
697,-10.9929901493,2.80873538298,0.740928557941,1.18157982762,-0.14679685303,0.190882574664
698,20.3019306081,1.97671226091,0.151192705246,-0.269832245698,2.72436736198,0.121510528594
699,-7.76984244834,-0.162582247714,0.224686152203,2.87880041166,0.230589283546,0.698435305557
700,-8.74705721052,1.04240821531,1.36109605647,0.816676523015,1.10184725497,0.267095301937
701,2.92470820913,1.22381781906,1.18161832553,0.95621486424,1.98927109125,2.11836727514
702,14.6929454296,1.69529774341,1.42852142608,1.16545678919,2.64083176297,-0.177104149391
703,-9.76247966637,-0.591138482714,-0.863181021678,0.568831094067,0.874441767431,-0.427582178167
704,-11.3066987252,-1.61469869834,1.0045918591,1.43121796717,0.768979655228,0.341263976484
705,-0.139641238847,1.89347737671,2.39460163653,-0.127379918977,1.9990737085,2.15498930244
706,3.64589957768,1.28765004913,2.04756914255,0.412262436274,2.20707398306,1.16074210389
707,4.39383879086,1.25819806431,0.891265343155,1.35334553764,1.05421061997,-1.11988968113
708,-24.8195489123,1.86434018125,0.0869937799422,0.606649853033,0.393113730282,1.26604229651
709,5.73858835433,2.59183500837,0.779633111375,1.41014858413,2.49825860736,0.193077349864
710,-7.00669693443,1.24678443572,1.40298220293,2.56699176196,1.95693141092,0.096109646131
711,-310.226830327,0.884981296782,4.52576684513,1.05431035823,0.554145277,0.170885362031
712,-26.7732354743,0.983913080846,-2.28403727322,2.31418008819,0.442515189039,3.30349716177
713,-13.9260023199,2.19052146968,0.260485554254,1.35986173984,2.14368834101,1.7501074687
714,-10.1014435762,0.26666284245,1.6705699449,1.39954512785,0.924464503552,1.78787401142
715,6.95131973619,1.79676183086,1.16780165961,0.37644464553,1.99654012376,2.39178361074
716,-22.3066861992,2.16439157702,1.78353177114,1.89563167965,0.747598056206,1.45411172776
717,-6.37780030108,-0.826937444082,0.99974487321,0.565531054821,0.0621616629407,1.28887145565
718,-28.2760868944,2.21344151049,2.36499881067,1.29745722886,1.04660568763,2.35364090959
719,-11.7830553288,-1.61811534059,0.392468631653,1.09811815876,1.84486368414,0.633384356813
720,-22.0751039026,-0.2210636033,1.55589537486,0.522751122597,0.774942327162,-0.885239535557
721,0.770760149879,-0.164557769536,0.63483495108,1.3852656988,0.503560165623,1.55187739399
722,-8.93611711075,-0.213857810633,-0.555790053858,2.71418729327,1.03262157588,-0.0102389982669
723,-12.1535566304,0.236900425384,1.77819871495,1.43639136448,1.63741560703,0.559315812214
724,7.01539646616,1.94575360435,-0.722774105015,-0.638368787776,1.95981580609,-0.258399259771
725,-2.34785763664,1.47864887917,0.391600675802,2.40641659255,0.851619776646,1.32313936253
726,5.13016895279,0.777644878846,0.381935690755,1.03189315565,1.85293013932,1.41006605353
727,-32.6671045213,1.2159432809,0.805123809161,2.79386079003,-0.348553776035,1.17329965745
728,-40.5751972405,2.2959024799,1.49663188852,0.343470533306,0.631695112446,2.82310852542
729,-22.0391304849,1.19388118688,1.47976610944,0.588668985152,2.10523104127,2.2719717206
730,-0.310573667303,1.25834736299,0.930576231484,-0.70790664512,1.68939701616,1.57814072211
731,-22.0174572437,2.22345072697,0.391797208018,0.629939951179,0.845002619565,3.51337307415
732,-6.60765838216,1.92317791954,-0.857195693965,0.51544219185,-0.589146583265,0.630203574966
733,12.9671092231,1.10133541888,0.756796301866,1.25347771132,2.88782954266,2.58535404928
734,-2.77463780276,2.2045450664,0.437165406291,-0.0649581970923,0.695328212511,1.50010515531
735,-16.3640520416,2.70804667079,2.09725946199,0.366550360729,2.33301443559,2.28994874617
736,-23.1987673735,0.528290248204,1.02830370297,0.983043612756,-0.20978343908,1.5614596708
737,-18.8498943619,0.227406564562,1.36873840891,0.840225229622,0.207542893319,1.4365190875
738,-1.13346952872,0.740676357919,1.63641958055,-1.00923073714,0.621561317712,1.34363945745
739,8.44845471826,-0.196313752592,2.29826593186,2.40245682879,2.9868221056,0.484850593581
740,-9.45526213631,1.01829455256,-0.652286126083,0.451723178771,0.835593002596,0.466923765464
741,-36.635170198,-0.670206742437,2.29910378524,1.5684551399,-0.0443226805283,1.89328854111
742,-5.86634649662,1.63226859179,1.69396037319,1.43504410541,0.650358415241,0.634606474613
743,13.9039296239,1.56767616595,1.07706733093,2.17358719955,2.01011172083,0.352242719039
744,-21.8735781022,2.03950151626,2.21929404689,1.04895369238,1.28082786242,2.32931726932
745,-35.5647952786,1.37127390488,2.1256560375,1.55710396423,0.295477557906,1.545499783
746,21.5605523572,-0.824962565073,0.0987725515928,0.559387471788,1.24242384404,2.41531351053
747,-15.6322056059,1.48026314445,1.21254899556,-0.188794966512,-1.47904569451,1.927509436
748,5.82896390051,1.21780384257,1.41414266043,2.79549170771,1.05513608622,0.17849378264
749,-3.53162546962,0.269292359467,2.15606893408,1.99685562084,2.0394966429,0.210284418835
750,-3.81133884499,0.390412150593,-0.179255269614,1.90656773309,2.00116957052,1.75274013538
751,-4.99578465181,0.576178670726,0.677626347538,-0.350528415051,-0.78558963447,0.701593957334
752,10.2849054973,0.951410812108,-0.565919592898,-0.987761561156,0.760193342724,0.63410457768
753,-0.56434735929,2.21800497695,0.871933608469,1.4578166192,1.12356552878,2.21698903774
754,-95.5655274279,0.737344481128,3.35209127402,0.809175177388,0.27420228886,2.07460243113
755,3.80992251336,1.72458066049,0.312623072127,1.71015486105,2.96974971051,0.271975339834
756,-11.3589051436,2.19799127293,0.930222689438,1.0341530899,0.274129074313,-0.0823253196416
757,-15.6696344571,1.94041456785,0.306845813906,2.06646483653,0.945772093273,1.17403603275
758,-0.751545112284,2.18339783567,-0.269025279977,0.983147607666,2.19805714727,1.28347502995
759,22.5594001227,0.615303143637,1.39788048545,0.123487362183,1.50472922628,1.06547117684
760,-8.75398515566,1.28854052945,1.45479729845,0.172197820655,0.321619741557,-0.648052561583
761,-12.6543356847,0.921496258365,1.727611472,2.69303571187,1.80759854803,1.27036606553
762,38.3542239603,1.0482438111,0.298601644329,1.94518988512,3.8189140024,-0.640242385148
763,20.4296012221,0.0215183153876,1.12667882943,1.2602529674,2.74523564656,0.798768791664
764,-0.621413429805,0.925383718256,0.837151004807,0.290103658685,0.768684519656,2.13494300211
765,-30.2086636916,0.290942103667,2.40374570843,-0.122423670486,1.23911402538,1.28885696038
766,-18.1257268605,1.3376317476,1.74609153225,0.37630096569,1.507426927,1.37493076739
767,-21.0076197667,1.60633747524,1.08910821901,1.76455971085,0.381270823322,1.08557743981
768,-22.539196285,1.31799876665,1.85048558204,0.216855424864,1.85249032389,3.25756516105
769,13.4588380882,1.65114108823,0.304419727077,1.42128021873,2.51418693211,1.23291752345
770,-29.3382582459,0.0814445576285,2.04503325633,1.25244108664,0.477723044456,0.960400497271
771,-44.4130541101,2.29255705634,1.44502519495,2.16183590143,0.025043364735,1.55227864773
772,-4.68271920218,0.495495494844,1.5850197061,1.40747521799,0.860584459596,0.798321993144
773,4.92147773657,0.0104054788183,0.277374804149,1.85920912243,-0.0130163315567,0.416426246827
774,13.8249427173,0.967916023212,1.48891384686,-0.785455570837,1.86239989856,1.16385476264
775,-35.6494406588,1.41398838912,1.60773996561,0.674978923726,0.524068488298,1.93664367989
776,-26.807833005,2.17450920979,1.66091299552,1.1783537823,1.64943911206,1.48453825263
777,-58.4542603899,2.95977933183,2.81361345248,2.69985399211,1.88886234886,2.93075994753
778,-31.7336830186,1.07771001589,1.34241258098,0.445599790264,0.584268300676,2.01021440489
779,0.691049513831,0.0194384081095,1.97665471543,-0.0267827755286,1.47484356735,2.58200254512
780,-14.5200663845,0.4047480291,1.80877621947,-0.286799159589,1.04975646353,1.36106056428
781,-30.0737739451,1.87906684525,1.69790382321,2.3758705601,0.107308540304,1.59287280379
782,-77.0325049802,0.344632717313,3.2066037545,2.21791981141,1.98811981226,2.7103664324
783,-13.1927489112,1.53122404196,1.39064562975,2.16338815661,0.302324682572,0.566147971081
784,-14.7335776362,2.43719624548,1.56078411472,0.57688379046,0.59295515465,-0.381495927025
785,-33.1072720313,-0.499678012077,1.602649078,0.964550873676,-0.586976666037,0.39472744762
786,5.76757629442,0.31043112259,1.2147988959,0.739809681955,1.41246270742,1.70018273958
787,10.9186181863,0.992093871311,2.04300814008,0.66315358884,1.39107121615,0.0803871645356
788,3.1907703041,0.473699268985,0.443090060449,1.57291706185,1.30363334558,1.06850291994
789,-13.3049373119,0.588972579506,1.66872965502,2.30992379156,1.54496740904,0.755619427944
790,-17.5548714958,0.0676438819357,1.47710693366,0.762479000764,0.138289798956,0.857822884589
791,4.78450060131,1.6362926987,-0.576042847587,0.499009872907,1.88314127926,0.493203872628
792,-27.7012990654,0.39893330422,1.64502527981,0.471903303521,0.237263936717,1.39726792354
793,2.9781364955,0.46911682583,2.07595515859,1.39102718168,1.51164356879,0.611143640628
794,-7.23535219219,-0.0609543530063,2.0534547608,0.617879652531,1.26434154844,0.460959807938
795,0.512229268757,0.366515663689,0.0164194118162,2.38865952393,0.752354113854,1.47386995517
796,-6.7189691779,2.62159883307,1.27762966959,2.00013918671,1.03061257921,0.71342440016
797,-19.8762262727,2.15190562007,1.89656273242,-0.209937197177,-0.617221407172,1.14447318283
798,-5.26495211195,1.81785388493,1.99073808983,0.00846870704795,0.512555998988,0.12441674121
799,-33.9675558919,1.06756918866,2.34832441802,1.26246780248,0.222545165272,1.11865117892
800,-37.3356387758,0.757526504063,0.657768516062,2.01612762812,-0.55693390369,0.52618769589
801,-14.0001285772,0.884373564184,1.29390585806,0.417229161171,-0.146625384328,1.29731540348
802,-9.48581552626,1.60721568562,-0.337212012658,0.977956670562,-0.300395070639,1.37230898338
803,3.4861259712,-1.32715258765,0.0689151663242,2.42471133122,0.87481302922,1.0996993095
804,-16.2598555365,-0.824041045973,2.1342049806,1.30077693675,1.29326996047,1.17057354032
805,-14.8712864075,0.731310183152,2.40775842158,1.96768181893,2.096630373,0.867890084551
806,-3.40380823658,0.931380960652,1.56796298874,-0.0172102148832,1.35427817144,2.1512043484
807,-64.4304733881,1.34123958012,2.78425672195,-0.428992723758,0.054697694324,0.288042424712
808,1.74591862452,1.55027050343,1.69039387329,1.38001011699,2.07104509852,1.61179897677
809,-20.6646858356,0.239699345557,0.79956123962,1.05424822928,-0.653705969718,1.02275995474
810,-20.1463756401,1.14859777857,0.666288171197,0.0205977233405,0.35235013273,0.923192669225
811,-5.12211982796,-0.426254839279,1.45202634941,1.28281125797,1.41432932037,0.389970420346
812,-1.17539948924,0.478276068307,-0.796127571571,0.234074422313,-0.596578636352,2.59864081573
813,-16.9156149246,1.15708584204,1.96343508994,1.47540706085,1.28392976091,0.438894285703
814,-6.82848889177,-1.08719636337,-0.183734835099,-0.528056253461,0.620353666764,2.2263128264
815,-18.6718167033,-0.341410067323,1.04189311972,2.389854741,-0.232132769281,1.18175970982
816,-31.8746695256,0.461187297604,1.96848533541,0.928574096885,0.0723756883819,-0.442750378196
817,-13.5156935349,2.14250461735,1.20343124525,0.773426490025,-0.664242397203,0.938606105974
818,-11.5946724184,0.580810784105,2.1118573007,1.0010798404,0.502816144602,-0.855640289436
819,-26.6679035765,1.62298772228,1.94572994664,3.10680087172,0.0211019223805,1.30749885097
820,5.31124308347,0.917803634871,0.915330792105,1.49864065949,2.32553047775,0.550374756777
821,-12.9651161566,1.74206051451,1.14972102721,0.525168176347,0.52979149858,1.2601310721
822,-1.9194210157,1.06916533004,1.03807912529,3.34086894903,1.78661710414,0.797765013209
823,-32.815524143,1.42103335346,1.48844970449,4.01754333662,-0.69681856106,1.29369441293
824,-7.19309481366,0.189438498887,1.93078348079,0.357520479152,1.14147893238,1.60605011979
825,-7.16274349422,0.887670959479,1.03413551136,1.42670502154,1.23279242494,2.40826946574
826,0.684036354361,0.782571698386,0.984542218008,0.29562645352,2.44470897423,0.00752772249038
827,-35.6502798837,0.969485405888,2.64808057863,-0.743683843898,-0.349466630713,-0.810386545925
828,-10.3866531779,1.66317539587,-0.44536931819,0.063457097335,1.12289722779,-0.908094362653
829,4.9491801065,-0.213414426464,0.555226544236,2.91208579367,0.565878367152,-0.54880963581
830,-7.33382781756,2.25872444273,-0.0379750637724,1.4205325609,1.25825364017,0.777822801473
831,2.77115598527,1.96001045598,1.58966400307,0.923598172895,0.758325615941,-1.54948515265
832,-1.40200493826,1.30241122137,0.835588397932,1.27800919118,1.30720760547,-0.0091828400397
833,-11.2759187403,0.47513095759,0.162175375104,0.404054346994,1.05467622481,0.42080554116
834,-35.8771795159,-0.90924389625,1.78851573936,2.57775826032,-0.89062424488,-0.376040178016
835,-23.71716475,2.1094915802,0.660669576362,2.32890567493,1.32415691867,2.07679465131
836,-8.85144307998,2.11701173538,1.03920192751,2.43188284305,-0.989698391313,2.00984641978
837,-40.3922326129,1.61302128006,1.81109666358,1.38337992216,-0.153540641404,2.08860352589
838,-13.8140757371,-0.219732890343,2.34656391708,0.726791558691,1.33578104251,0.828977634912
839,-23.7913459416,-1.01181310984,1.81389276718,0.379682620432,0.0194558510219,1.07573770341
840,5.38642205421,0.462787642751,0.947591733688,0.323813092957,0.481620355501,0.140274166543
841,7.92655767158,0.658474204029,0.535169142354,0.163396428562,1.54556202674,1.81671822766
842,-15.8678782256,0.610683227362,0.583573423287,0.853694264756,-0.175827159746,1.6992214206
843,-41.2631092883,0.765230399404,1.99721428534,1.861510081,0.0501507834688,0.612899572647
844,-11.9598555971,1.08486242784,0.23706452512,2.09637808191,-1.432415821,0.171087617505
845,2.86780527824,2.74710150956,0.799603552916,1.09414341004,2.00270666912,2.53983501621
846,-80.2675771276,0.206886900461,3.42867349812,-0.29833796586,1.32372236082,0.994773656644
847,24.6455388889,-0.517583274906,0.606627434151,-0.180970000728,2.12142690368,1.46211320435
848,5.43453701836,0.635077776502,0.278727461222,-0.292483376378,0.907437543426,2.13323436373
849,-28.3656475397,0.740683691923,0.527805360204,2.86178686555,-0.0436789719689,1.93864453883
850,-11.2884719397,1.82022672678,-0.450282030845,1.73040376103,2.9905387495,2.02210359907
851,-17.9132646965,0.487939087075,1.41079976287,1.21950797829,0.473868818219,-0.734815894519
852,-39.7899986397,-1.48520835753,2.96499655102,0.87676714765,0.695924065354,0.946767511783
853,-44.2683058324,-1.64717214181,2.38507384286,0.829310819083,-0.460194453923,1.87950454032
854,-11.2009613715,1.44873040254,2.2948786542,1.30018442563,2.55051425127,2.27149620807
855,-18.377902398,-0.0446948502755,2.33547621226,2.48403910226,0.599252645562,-0.344423997704
856,0.365110369578,2.00970992143,1.70062202104,-0.668855005882,1.60786093098,0.166459194609
857,8.03324369194,2.69860621013,-1.04344934856,2.08656216187,1.36331313959,0.846450936763
858,1.55216141294,3.07878652995,-0.363027894822,1.1195757778,1.8458799702,0.848823472248
859,-20.6119297932,2.86755547333,1.26615548502,3.32338634631,2.62143822508,1.91702492996
860,-1.36064970227,-0.196052992036,-0.121869351394,1.09709124133,0.580812271468,-0.895800353512
861,-18.5901554072,0.481607361269,2.04568648768,2.79358076751,1.60831207116,1.58838518309
862,-5.54915550149,2.46679287031,1.28924844762,0.907961217065,1.07963661504,0.803920022417
863,1.45905756384,-0.315980554712,0.872910598563,2.8729143824,0.711770899052,0.116880244383
864,-37.5005012963,0.852667872092,2.48807156081,3.10256042565,1.09684708049,1.31942666117
865,4.83226533312,2.69805733413,-0.511566835762,1.80983400637,1.50669357279,-0.0600672483579
866,-12.8728716991,2.18851427463,-0.0460220840823,1.91775753445,0.470779891722,0.818918284695
867,-11.0475404935,-0.180406574449,1.5152826213,1.43185012821,2.70056544494,2.45395798139
868,-24.1647335923,0.117538652077,0.839252150108,0.70781946916,0.21897643635,-0.137846921523
869,-12.7836104865,1.09087235957,1.76692330278,1.04887180584,0.849891939206,0.362555357982
870,4.27528536682,-0.493299336232,1.55129930883,1.36669968925,1.3199782551,-0.172595666302
871,-8.06767005254,-0.248068328373,0.863939759557,2.4582630339,1.33176492322,1.16155584704
872,-16.9629650041,-0.871934753536,1.92955188706,0.512083821044,0.768114249412,0.151696172228
873,-0.762668217963,0.839987454822,0.951745243128,1.07910805409,1.5808086114,1.63799382873
874,-2.00923765886,2.15600709711,-0.228326406549,1.08372174555,1.68270659948,0.422293745266
875,-5.13407274886,1.5400612578,2.20225904667,4.50804933415,2.13305950747,0.830755115894
876,19.0824557571,1.62584538629,0.0836109079558,-1.59995011411,1.27565763917,0.629297900156
877,-79.0351316123,0.72982888336,2.98456924369,1.41572137723,0.594675619725,2.65391536812
878,-32.0818351688,2.58124613801,1.31640715483,0.499979218114,1.81082210346,1.31046656124
879,-4.67130736634,-1.74525603766,1.49005424296,1.9268452315,0.381630905589,1.27160273903
880,-18.6349478636,0.0288804962282,1.22443899748,0.207040930146,-0.262845655231,2.07984999197
881,-4.62161095154,1.05004232054,1.32363840166,-0.308235273341,0.688954028285,0.106702110963
882,-29.46825107,1.54506103714,1.58583461382,1.41972776281,-0.551772996139,0.316639066507
883,-33.2847683774,0.554085976111,1.79890126126,0.696283562008,-0.435736537555,1.65403624778
884,11.9924493482,1.17570148233,0.396331624181,-0.205251907266,0.320051695639,-1.11862752479
885,-24.0745903135,-0.20891983649,-0.114134780497,1.69680529847,0.676932609158,1.99357543226
886,-12.1157696471,-0.11242268725,1.74506660544,1.88233888068,2.09680300673,0.33285048965
887,-19.5185245912,1.48877792568,0.640541339742,0.495457376867,-0.753826956516,1.84839726875
888,1.72011202184,0.274131859796,0.436944541599,0.896472372691,-0.612442317665,3.15834163731
889,-12.5435971044,0.392848052866,1.50637915118,0.927883176975,2.09198244158,2.13403659267
890,-15.3314454329,0.910845361271,1.48399028105,1.53003447639,0.863507538397,1.85909633401
891,-17.759607423,1.77001049872,1.11619140571,-0.336666392178,-0.416627158286,-0.711587640828
892,-33.7604171181,0.969397892927,2.2854889398,1.15175322178,-0.287139045908,2.20196826218
893,8.19036683684,1.5117100763,-1.19399303708,2.85567101869,2.88518005018,0.0612312277787
894,17.9771285921,0.814870628473,0.314796933095,0.501831028582,2.98202910772,0.621969864309
895,6.98330361815,1.28179769462,-0.686918198579,0.547293210812,2.32090751683,1.34555482195
896,-25.9712850712,-0.101734098808,2.07903678966,1.22437141649,0.491474605093,2.96891586516
897,-9.33313057286,1.67885391975,0.952069482543,-0.408022675386,0.531222328577,-0.408971986543
898,-45.7766100576,2.75508909247,2.38009465397,1.27449048447,0.891462516601,3.04530018214
899,11.2780229265,0.185677394181,-0.585162086806,1.39370885577,-0.946719216541,0.226858126184
